Timestamp,Take this survey and stand a chance to win 2k recharge card.,How old are you,Which area of Lagos do you reside ,What is your gender,What is your Marital Status,What is your Monthly Income as at 31-12-2020,What is your Monthly Income for 31-12-2021,What is your monthly cost  on  Accommodation,Do you have a car,How much do you spend on Transportation monthly,How much do you spend on Feeding monthly,How much do you spend on Electricity monthly,How much do you spend on HealthCare monthly,Do you have any underlining Health Issues,If yes what is it?,How much do you spend on Clothing monthly,How much do you spend on Childcare monthly
28/02/2022 16:20:45,Joy,26 - 30,,Female,Single,"100,000 - 150,000",,"5,000 - 20,000",No,"5,000 - 20,000","30,000 - 40,000","10,000 - 20,000","5,000 - 10,000",,,,
01/03/2022 01:03:24,MTN,36 - 40,Eti Osa,Male,Single,"300,000 - 500,000","300,000 - 500,000","95,000  above",Yes,"45,000 - 60,000","85,000 - 100,000","65,000 - 80,000","45,000 - 65,000",No,Nothing,,
01/03/2022 01:09:27,Airtel,31 - 35,Alimosho,Female,Married,"60,000 - 100,000","100,000 - 150,000","5,000 - 10,000",No,"5,000 - 10,000","5,000 - 10,000","5,000 - 10,000","5,000 - 10,000",No,,"5,000 - 10,000","15,000 - 40,000"
01/03/2022 09:08:19,glo,26 - 30,Amuwo-Odofin,Male,Single,"60,000 - 100,000","60,000 - 100,000","15,000 - 40,000",No,"15,000 - 40,000","15,000 - 40,000","0 - 5,000","0 - 5,000",No,None ,"5,000 - 10,000","0 - 5,000"
01/03/2022 09:14:53,MTN,26 - 30,Ikorodu,Female,Single,"20,000 - 50,000","60,000 - 100,000","45,000 - 60,000",No,"15,000 - 40,000","15,000 - 40,000","5,000 - 10,000","5,000 - 10,000",No,,"15,000 - 40,000","0 - 5,000"
01/03/2022 10:02:58,MTN,36 - 40,Oshodi-Isolo,Male,Married,"100,000 - 150,000","60,000 - 100,000","15,000 - 40,000",No,"15,000 - 40,000","15,000 - 40,000","5,000 - 10,000","0 - 5,000",No,,"0 - 5,000","0 - 5,000"
01/03/2022 11:04:58,MTN,26 - 30,Ikeja,Male,Married,"500,000 above","500,000 above","95,000  above",Yes,"15,000 - 40,000","85,000 - 100,000","15,000 - 40,000","0 - 5,000",No,,"5,000 - 10,000","15,000 - 40,000"
01/03/2022 11:30:15,Airtel,26 - 30,Ikorodu,Male,Single,"500,000 above","500,000 above","0 - 5,000",Yes,"65,000 above","100,000 above","5,000 - 10,000","0 - 5,000",No,,100 above,"0 - 5,000"
01/03/2022 11:57:45,MTN,26 - 30,Kosofe,Female,Single,"20,000 - 50,000","100,000 - 150,000","45,000 - 60,000",No,"15,000 - 40,000","45,000 - 60,000","5,000 - 10,000","0 - 5,000",No,,"0 - 5,000","0 - 5,000"
01/03/2022 12:18:52,MTN,36 - 40,Kosofe,Male,Married,"300,000 - 500,000","300,000 - 500,000","15,000 - 40,000",No,"15,000 - 40,000","45,000 - 60,000","5,000 - 10,000","5,000 - 10,000",No,,"15,000 - 40,000",
01/03/2022 12:19:09,MTN,36 - 40,Ikorodu,Male,Single,"60,000 - 100,000","60,000 - 100,000","95,000  above",No,"15,000 - 40,000","15,000 - 40,000","5,000 - 10,000","5,000 - 10,000",No,,"5,000 - 10,000","0 - 5,000"
01/03/2022 12:19:21,MTN,26 - 30,Kosofe,Male,Single,"150,000 - 200,000","150,000 - 200,000","15,000 - 40,000",No,"15,000 - 40,000","15,000 - 40,000","5,000 - 10,000","0 - 5,000",No,,"5,000 - 10,000","0 - 5,000"
01/03/2022 12:20:34,Airtel,31 - 35,Kosofe,Male,Married,"200,000 - 290,000","200,000 - 290,000","15,000 - 40,000",Yes,"65,000 above","85,000 - 100,000","45,000 - 60,000","15,000 - 40,000",No,,"5,000 - 10,000","15,000 - 40,000"
01/03/2022 12:27:47,MTN,36 - 40,Kosofe,Male,Married,"100,000 - 150,000","150,000 - 200,000","15,000 - 40,000",Yes,"15,000 - 40,000","65,000 - 80,000","5,000 - 10,000","0 - 5,000",No,Nil,"0 - 5,000","15,000 - 40,000"
01/03/2022 12:29:30,glo,26 - 30,Eti Osa,Female,Single,"150,000 - 200,000","150,000 - 200,000","95,000  above",Yes,"45,000 - 60,000","45,000 - 60,000","15,000 - 40,000","5,000 - 10,000",No,,"5,000 - 10,000","0 - 5,000"
01/03/2022 12:31:13,Airtel,36 - 40,Ikeja,Male,Married,"100,000 - 150,000","150,000 - 200,000","15,000 - 40,000",No,"15,000 - 40,000","45,000 - 60,000","15,000 - 40,000","15,000 - 40,000",No,,"15,000 - 40,000","15,000 - 40,000"
01/03/2022 12:31:46,Airtel,36 - 40,Shomolu,Male,Single,"150,000 - 200,000","200,000 - 290,000","95,000  above",Yes,"15,000 - 40,000","85,000 - 100,000","15,000 - 40,000","15,000 - 40,000",No,Nil,"15,000 - 40,000","45,000 - 80,000"
01/03/2022 12:33:04,glo,26 - 30,Ikorodu,Female,Married,"100,000 - 150,000","200,000 - 290,000","15,000 - 40,000",No,"15,000 - 40,000","45,000 - 60,000","5,000 - 10,000","15,000 - 40,000",No,,"15,000 - 40,000","15,000 - 40,000"
01/03/2022 12:36:49,MTN,31 - 35,Agege,Male,Married,"100,000 - 150,000","100,000 - 150,000","15,000 - 40,000",No,"45,000 - 60,000","45,000 - 60,000","0 - 5,000","5,000 - 10,000",No,,"15,000 - 40,000","15,000 - 40,000"
01/03/2022 12:37:19,9Mobile,26 - 30,Surulere,Male,Single,"60,000 - 100,000","200,000 - 290,000","15,000 - 40,000",Yes,"15,000 - 40,000","15,000 - 40,000","5,000 - 10,000","0 - 5,000",No,,"5,000 - 10,000","0 - 5,000"
01/03/2022 12:39:47,MTN,36 - 40,Ifako-Ijaiye,Female,Single,"60,000 - 100,000","60,000 - 100,000","15,000 - 40,000",Yes,"15,000 - 40,000","15,000 - 40,000","5,000 - 10,000","5,000 - 10,000",No,,"5,000 - 10,000","5,000 - 10,000"
01/03/2022 12:46:13,glo,36 - 40,Ikeja,Male,Married,"60,000 - 100,000","60,000 - 100,000","95,000  above",No,"15,000 - 40,000","45,000 - 60,000","5,000 - 10,000","15,000 - 40,000",No,,"15,000 - 40,000","15,000 - 40,000"
01/03/2022 12:46:50,Airtel,20 - 25,Ikeja,Female,Married,"150,000 - 200,000","200,000 - 290,000","15,000 - 40,000",No,"15,000 - 40,000","45,000 - 60,000","15,000 - 40,000","15,000 - 40,000",No,,"5,000 - 10,000","0 - 5,000"
01/03/2022 12:47:05,,31 - 35,Ibeju-Lekki,Female,Single,"60,000 - 100,000","60,000 - 100,000","15,000 - 40,000",Yes,"5,000 - 10,000","5,000 - 10,000","5,000 - 10,000","5,000 - 10,000",No,,"15,000 - 40,000",
01/03/2022 12:52:24,MTN,31 - 35,Kosofe,Male,Married,"100,000 - 150,000","100,000 - 150,000","15,000 - 40,000",No,"15,000 - 40,000","15,000 - 40,000","0 - 5,000","0 - 5,000",No,,"0 - 5,000","15,000 - 40,000"
01/03/2022 12:53:53,MTN,36 - 40,Alimosho,Female,Married,"20,000 - 50,000","60,000 - 100,000","95,000  above",No,"15,000 - 40,000","65,000 - 80,000","5,000 - 10,000","15,000 - 40,000",No,,"0 - 5,000","15,000 - 40,000"
01/03/2022 12:55:17,MTN,31 - 35,Mushin,Female,Married,"150,000 - 200,000","200,000 - 290,000","95,000  above",No,"15,000 - 40,000","65,000 - 80,000","15,000 - 40,000","15,000 - 40,000",No,,"5,000 - 10,000","45,000 - 80,000"
01/03/2022 12:56:08,MTN,26 - 30,Kosofe,Male,Single,"20,000 - 50,000","60,000 - 100,000","5,000 - 10,000",No,"15,000 - 40,000","15,000 - 40,000","0 - 5,000","0 - 5,000",No,,"5,000 - 10,000","0 - 5,000"
01/03/2022 13:02:14,Airtel,26 - 30,Kosofe,Female,Single,"60,000 - 100,000","100,000 - 150,000","95,000  above",No,"15,000 - 40,000","15,000 - 40,000","15,000 - 40,000","45,000 - 65,000",No,,"15,000 - 40,000",
01/03/2022 13:03:55,MTN,36 - 40,Surulere,Male,Married,"100,000 - 150,000","150,000 - 200,000","45,000 - 60,000",No,"15,000 - 40,000","45,000 - 60,000","5,000 - 10,000","15,000 - 40,000",No,,"45,000 - 65,000","45,000 - 80,000"
01/03/2022 13:04:47,Airtel,26 - 30,Eti Osa,Male,Single,"500,000 above","200,000 - 290,000","95,000  above",Yes,"65,000 above","85,000 - 100,000","65,000 - 80,000","0 - 5,000",No,,"15,000 - 40,000","0 - 5,000"
01/03/2022 13:06:05,MTN,31 - 35,Mushin,Male,Married,"60,000 - 100,000","100,000 - 150,000","95,000  above",No,"15,000 - 40,000","65,000 - 80,000","15,000 - 40,000","5,000 - 10,000",No,,"5,000 - 10,000","5,000 - 10,000"
01/03/2022 13:07:53,MTN,20 - 25,Shomolu,Male,Single,"150,000 - 200,000","300,000 - 500,000","15,000 - 40,000",No,"15,000 - 40,000","15,000 - 40,000","0 - 5,000","0 - 5,000",No,,"5,000 - 10,000",
01/03/2022 13:09:51,MTN,26 - 30,Lagos Island,Female,Single,"100,000 - 150,000","150,000 - 200,000","95,000  above",No,"15,000 - 40,000","65,000 - 80,000","5,000 - 10,000","15,000 - 40,000",No,,"45,000 - 65,000","15,000 - 40,000"
01/03/2022 13:11:57,MTN,31 - 35,Oshodi-Isolo,Female,Single,"20,000 - 50,000","20,000 - 50,000","5,000 - 10,000",No,"15,000 - 40,000","15,000 - 40,000","0 - 5,000","0 - 5,000",No,,"0 - 5,000","0 - 5,000"
01/03/2022 13:13:18,MTN,26 - 30,Lagos Island,Female,Single,"100,000 - 150,000","150,000 - 200,000","95,000  above",No,"15,000 - 40,000","15,000 - 40,000","5,000 - 10,000","15,000 - 40,000",No,,"15,000 - 40,000","15,000 - 40,000"
01/03/2022 13:15:18,Airtel,56 - 60,Ikeja,Male,Married,"300,000 - 500,000","500,000 above","95,000  above",Yes,"65,000 above","100,000 above","85,000 - 100,000","45,000 - 65,000",No,,"45,000 - 65,000","100,000  above"
01/03/2022 13:16:48,Airtel,20 - 25,Ikeja,Female,Single,"20,000 - 50,000","60,000 - 100,000","45,000 - 60,000",No,"5,000 - 10,000","15,000 - 40,000","0 - 5,000","0 - 5,000",No,,"0 - 5,000","0 - 5,000"
01/03/2022 13:18:52,glo,31 - 35,Lagos Mainland,Male,Single,"60,000 - 100,000","100,000 - 150,000","0 - 5,000",No,"45,000 - 60,000","15,000 - 40,000","0 - 5,000","0 - 5,000",No,,"5,000 - 10,000",
01/03/2022 13:19:22,MTN,26 - 30,Lagos Island,Female,Single,"100,000 - 150,000","150,000 - 200,000","95,000  above",No,"15,000 - 40,000","45,000 - 60,000","5,000 - 10,000","0 - 5,000",No,,"45,000 - 65,000","5,000 - 10,000"
01/03/2022 13:19:50,glo,36 - 40,Ikorodu,Male,Married,"20,000 - 50,000","60,000 - 100,000","5,000 - 10,000",No,"5,000 - 10,000","5,000 - 10,000","5,000 - 10,000","0 - 5,000",No,,"5,000 - 10,000","0 - 5,000"
01/03/2022 13:24:44,MTN,26 - 30,Surulere,Male,Single,"20,000 - 50,000","20,000 - 50,000","5,000 - 10,000",No,"0 - 5,000","15,000 - 40,000","0 - 5,000","0 - 5,000",No,,"5,000 - 10,000","0 - 5,000"
01/03/2022 13:25:52,9Mobile,20 - 25,Lagos Island,Female,Single,"20,000 - 50,000","100,000 - 150,000","45,000 - 60,000",No,"15,000 - 40,000","15,000 - 40,000","5,000 - 10,000","5,000 - 10,000",No,,"15,000 - 40,000","5,000 - 10,000"
01/03/2022 13:26:09,MTN,31 - 35,Surulere,Male,Single,"100,000 - 150,000","100,000 - 150,000","15,000 - 40,000",No,"15,000 - 40,000","15,000 - 40,000","5,000 - 10,000","0 - 5,000",No,,"0 - 5,000","0 - 5,000"
01/03/2022 13:28:57,MTN,31 - 35,Alimosho,Male,Single,"60,000 - 100,000","60,000 - 100,000","15,000 - 40,000",Yes,"15,000 - 40,000","15,000 - 40,000","5,000 - 10,000","0 - 5,000",No,,"15,000 - 40,000","0 - 5,000"
01/03/2022 13:34:08,MTN,31 - 35,Lagos Mainland,Male,Single,"100,000 - 150,000","100,000 - 150,000","45,000 - 60,000",Yes,"45,000 - 60,000","45,000 - 60,000","5,000 - 10,000","5,000 - 10,000",No,,"0 - 5,000","0 - 5,000"
01/03/2022 13:41:37,9Mobile,31 - 35,Agege,Male,Single,"150,000 - 200,000","150,000 - 200,000","15,000 - 40,000",Yes,"15,000 - 40,000","45,000 - 60,000","45,000 - 60,000","15,000 - 40,000",No,,"70,000 - 95,000","15,000 - 40,000"
01/03/2022 13:45:03,MTN,26 - 30,Amuwo-Odofin,Male,Married,"20,000 - 50,000","60,000 - 100,000","95,000  above",Yes,"15,000 - 40,000","85,000 - 100,000","15,000 - 40,000","15,000 - 40,000",No,,"15,000 - 40,000","0 - 5,000"
01/03/2022 13:46:03,Airtel,26 - 30,Kosofe,Female,Single,"150,000 - 200,000","60,000 - 100,000","0 - 5,000",No,"15,000 - 40,000","15,000 - 40,000","0 - 5,000","15,000 - 40,000",No,,"5,000 - 10,000","0 - 5,000"
01/03/2022 13:55:17,glo,26 - 30,Surulere,Male,Single,"60,000 - 100,000","60,000 - 100,000","45,000 - 60,000",No,"0 - 5,000","5,000 - 10,000","5,000 - 10,000","0 - 5,000",No,,"0 - 5,000","0 - 5,000"
01/03/2022 14:00:51,MTN,41 - 45,Ikorodu,Male,Married,"200,000 - 290,000","300,000 - 500,000","65,000 - 80,000",Yes,"15,000 - 40,000","100,000 above","15,000 - 40,000","45,000 - 65,000",No,,"45,000 - 65,000","45,000 - 80,000"
01/03/2022 14:03:02,MTN,36 - 40,Ikeja,Female,Single,"20,000 - 50,000","20,000 - 50,000","5,000 - 10,000",No,"5,000 - 10,000","15,000 - 40,000","0 - 5,000","0 - 5,000",No,,"0 - 5,000","0 - 5,000"
01/03/2022 14:23:11,MTN,20 - 25,Lagos Mainland,Male,Single,"20,000 - 50,000","20,000 - 50,000","45,000 - 60,000",No,"5,000 - 10,000","5,000 - 10,000","5,000 - 10,000","0 - 5,000",No,,"15,000 - 40,000","0 - 5,000"
01/03/2022 14:33:23,MTN,20 - 25,Eti Osa,Female,Single,"20,000 - 50,000","20,000 - 50,000","95,000  above",No,"5,000 - 10,000","45,000 - 60,000","15,000 - 40,000","5,000 - 10,000",No,,"5,000 - 10,000","0 - 5,000"
01/03/2022 14:39:12,glo,31 - 35,Lagos Mainland,Male,Single,"100,000 - 150,000","100,000 - 150,000","5,000 - 10,000",No,"5,000 - 10,000","15,000 - 40,000","0 - 5,000","0 - 5,000",No,,"5,000 - 10,000",
01/03/2022 14:39:14,MTN,20 - 25,Lagos Mainland,Female,Single,"20,000 - 50,000","20,000 - 50,000","15,000 - 40,000",No,"0 - 5,000","15,000 - 40,000","0 - 5,000","0 - 5,000",No,,"0 - 5,000","0 - 5,000"
01/03/2022 14:43:23,MTN,36 - 40,Ikeja,Male,Single,"20,000 - 50,000","150,000 - 200,000","5,000 - 10,000",No,"5,000 - 10,000","45,000 - 60,000","5,000 - 10,000","15,000 - 40,000",No,,"5,000 - 10,000","15,000 - 40,000"
01/03/2022 14:59:13,,36 - 40,Lagos Mainland,Female,Married,"150,000 - 200,000","150,000 - 200,000","65,000 - 80,000",Yes,"15,000 - 40,000","100,000 above","15,000 - 40,000","45,000 - 65,000",No,,"15,000 - 40,000","100,000  above"
01/03/2022 15:04:48,Airtel,36 - 40,Kosofe,Male,Single,"100,000 - 150,000","150,000 - 200,000","95,000  above",No,"45,000 - 60,000","45,000 - 60,000","5,000 - 10,000","0 - 5,000",No,,"5,000 - 10,000","0 - 5,000"
01/03/2022 15:08:26,MTN,31 - 35,Shomolu,Male,Single,"500,000 above","500,000 above","15,000 - 40,000",Yes,"15,000 - 40,000","15,000 - 40,000","5,000 - 10,000","0 - 5,000",No,,"0 - 5,000","0 - 5,000"
01/03/2022 15:11:03,9Mobile,41 - 45,Oshodi-Isolo,Male,Married,"200,000 - 290,000","100,000 - 150,000","15,000 - 40,000",Yes,"15,000 - 40,000","15,000 - 40,000","15,000 - 40,000","5,000 - 10,000",No,,"15,000 - 40,000","15,000 - 40,000"
01/03/2022 15:13:29,MTN,20 - 25,Surulere,Male,Single,"20,000 - 50,000","20,000 - 50,000","15,000 - 40,000",No,"15,000 - 40,000","15,000 - 40,000","0 - 5,000","0 - 5,000",No,,"5,000 - 10,000","0 - 5,000"
01/03/2022 15:15:30,glo,26 - 30,Shomolu,Male,Single,"20,000 - 50,000","20,000 - 50,000","15,000 - 40,000",No,"15,000 - 40,000","5,000 - 10,000","5,000 - 10,000","0 - 5,000",No,,"0 - 5,000","0 - 5,000"
01/03/2022 15:24:20,MTN,31 - 35,Lagos Island,Male,Single,"60,000 - 100,000","60,000 - 100,000","15,000 - 40,000",No,"5,000 - 10,000","15,000 - 40,000","5,000 - 10,000","0 - 5,000",No,,"5,000 - 10,000",
01/03/2022 15:25:10,MTN,31 - 35,Kosofe,Male,Married,"150,000 - 200,000","200,000 - 290,000","45,000 - 60,000",No,"15,000 - 40,000","65,000 - 80,000","5,000 - 10,000","5,000 - 10,000",No,,"0 - 5,000","0 - 5,000"
01/03/2022 15:46:07,MTN,31 - 35,Ikeja,Male,Married,"60,000 - 100,000","100,000 - 150,000","15,000 - 40,000",No,"15,000 - 40,000","45,000 - 60,000","0 - 5,000","0 - 5,000",No,,"0 - 5,000","0 - 5,000"
01/03/2022 15:56:25,MTN,31 - 35,Surulere,Male,Single,"20,000 - 50,000","20,000 - 50,000","0 - 5,000",No,"0 - 5,000","15,000 - 40,000","0 - 5,000","0 - 5,000",No,,"0 - 5,000","0 - 5,000"
01/03/2022 17:19:29,Airtel,26 - 30,Lagos Island,Female,Single,"500,000 above","500,000 above","95,000  above",Yes,"15,000 - 40,000","15,000 - 40,000","15,000 - 40,000","0 - 5,000",No,,"5,000 - 10,000",
01/03/2022 18:37:16,Airtel,31 - 35,Kosofe,Male,Married,"100,000 - 150,000","100,000 - 150,000","65,000 - 80,000",Yes,"15,000 - 40,000","65,000 - 80,000","15,000 - 40,000","0 - 5,000",No,,"5,000 - 10,000","15,000 - 40,000"
01/03/2022 21:06:37,MTN,31 - 35,Eti Osa,Male,Single,"60,000 - 100,000","100,000 - 150,000","95,000  above",No,"15,000 - 40,000","45,000 - 60,000","0 - 5,000","0 - 5,000",No,,"0 - 5,000",
01/03/2022 21:08:10,MTN,31 - 35,Eti Osa,Male,Single,"60,000 - 100,000","150,000 - 200,000","95,000  above",No,"15,000 - 40,000","45,000 - 60,000","0 - 5,000","0 - 5,000",No,,"5,000 - 10,000","0 - 5,000"
01/03/2022 21:12:14,MTN,26 - 30,Alimosho,Male,Single,"100,000 - 150,000","100,000 - 150,000","95,000  above",No,"15,000 - 40,000","15,000 - 40,000","5,000 - 10,000","5,000 - 10,000",No,,"5,000 - 10,000","0 - 5,000"
01/03/2022 21:16:16,MTN,31 - 35,Surulere,Female,Single,"60,000 - 100,000","60,000 - 100,000","65,000 - 80,000",No,"15,000 - 40,000","15,000 - 40,000","15,000 - 40,000","0 - 5,000",No,,"0 - 5,000","5,000 - 10,000"
01/03/2022 21:20:40,MTN,26 - 30,Lagos Mainland,Male,Single,"100,000 - 150,000","100,000 - 150,000","5,000 - 10,000",No,"5,000 - 10,000","15,000 - 40,000","5,000 - 10,000","5,000 - 10,000",No,,"15,000 - 40,000","0 - 5,000"
01/03/2022 21:27:31,MTN,31 - 35,Eti Osa,Male,Single,"200,000 - 290,000","300,000 - 500,000","65,000 - 80,000",Yes,"15,000 - 40,000","65,000 - 80,000","45,000 - 60,000","5,000 - 10,000",No,,"15,000 - 40,000","0 - 5,000"
01/03/2022 22:28:00,,31 - 35,Lagos Mainland,Female,Married,"20,000 - 50,000","20,000 - 50,000","95,000  above",No,"15,000 - 40,000","45,000 - 60,000","5,000 - 10,000","5,000 - 10,000",No,,"0 - 5,000","15,000 - 40,000"
01/03/2022 22:37:04,MTN,20 - 25,Lagos Mainland,Male,Single,"300,000 - 500,000","500,000 above","95,000  above",Yes,"45,000 - 60,000","100,000 above","15,000 - 40,000","0 - 5,000",No,,"70,000 - 95,000","45,000 - 80,000"
01/03/2022 22:44:36,glo,26 - 30,Ibeju-Lekki,Female,Single,"200,000 - 290,000","100,000 - 150,000","95,000  above",Yes,"65,000 above","100,000 above","15,000 - 40,000","15,000 - 40,000",No,,"45,000 - 65,000","85,000 - 100,000"
01/03/2022 22:46:29,Airtel,26 - 30,Alimosho,Male,Single,"20,000 - 50,000","60,000 - 100,000","15,000 - 40,000",No,"15,000 - 40,000","15,000 - 40,000","5,000 - 10,000","0 - 5,000",No,,"5,000 - 10,000","0 - 5,000"
01/03/2022 22:48:25,9Mobile,31 - 35,Oshodi-Isolo,Female,Widowed,"20,000 - 50,000","60,000 - 100,000","95,000  above",Yes,"15,000 - 40,000","45,000 - 60,000","5,000 - 10,000","0 - 5,000",No,,"45,000 - 65,000","5,000 - 10,000"
01/03/2022 22:54:34,MTN,31 - 35,Surulere,Female,Married,"20,000 - 50,000","20,000 - 50,000","5,000 - 10,000",No,"5,000 - 10,000","5,000 - 10,000","5,000 - 10,000","0 - 5,000",No,,"0 - 5,000","0 - 5,000"
01/03/2022 22:55:17,MTN,31 - 35,Surulere,Male,Single,"150,000 - 200,000","200,000 - 290,000","45,000 - 60,000",No,"45,000 - 60,000","65,000 - 80,000","5,000 - 10,000","15,000 - 40,000",No,,"5,000 - 10,000","45,000 - 80,000"
01/03/2022 22:57:27,Airtel,26 - 30,Lagos Island,Female,Married,"60,000 - 100,000","20,000 - 50,000","95,000  above",No,"5,000 - 10,000","45,000 - 60,000","5,000 - 10,000","5,000 - 10,000",No,,"0 - 5,000","45,000 - 80,000"
01/03/2022 23:34:16,MTN,20 - 25,Lagos Mainland,Male,Single,"20,000 - 50,000","20,000 - 50,000","15,000 - 40,000",No,"65,000 above","15,000 - 40,000","100,000 above","0 - 5,000",No,,"15,000 - 40,000","85,000 - 100,000"
01/03/2022 23:34:55,Airtel,31 - 35,Amuwo-Odofin,Male,Married,"300,000 - 500,000","500,000 above","45,000 - 60,000",Yes,"65,000 above","100,000 above","65,000 - 80,000","15,000 - 40,000",No,,"70,000 - 95,000","85,000 - 100,000"
02/03/2022 03:33:38,MTN,20 - 25,Ifako-Ijaiye,Female,Single,"20,000 - 50,000","20,000 - 50,000","0 - 5,000",No,"15,000 - 40,000","15,000 - 40,000","0 - 5,000","5,000 - 10,000",Yes,Asthma ,"0 - 5,000","0 - 5,000"
02/03/2022 05:30:08,Airtel,31 - 35,Eti Osa,Female,Single,"150,000 - 200,000","300,000 - 500,000","0 - 5,000",Yes,"5,000 - 10,000","45,000 - 60,000","0 - 5,000","15,000 - 40,000",No,,"15,000 - 40,000","0 - 5,000"
02/03/2022 06:19:08,MTN,31 - 35,Ojo,Male,Married,"20,000 - 50,000","60,000 - 100,000","15,000 - 40,000",No,"15,000 - 40,000","15,000 - 40,000","5,000 - 10,000","0 - 5,000",No,,"0 - 5,000","0 - 5,000"
02/03/2022 06:22:47,MTN,26 - 30,Lagos Mainland,Male,Single,"150,000 - 200,000","150,000 - 200,000","15,000 - 40,000",No,"15,000 - 40,000","15,000 - 40,000","5,000 - 10,000","0 - 5,000",No,,"0 - 5,000","0 - 5,000"
02/03/2022 06:55:42,9Mobile,26 - 30,Ifako-Ijaiye,Male,Single,"100,000 - 150,000","100,000 - 150,000","15,000 - 40,000",No,"15,000 - 40,000","45,000 - 60,000","0 - 5,000","0 - 5,000",No,,"5,000 - 10,000","0 - 5,000"
02/03/2022 07:21:21,MTN,20 - 25,Ojo,Female,Single,"20,000 - 50,000","20,000 - 50,000","0 - 5,000",No,"5,000 - 10,000","15,000 - 40,000","0 - 5,000","5,000 - 10,000",No,,"15,000 - 40,000","5,000 - 10,000"
02/03/2022 07:42:11,MTN,31 - 35,Eti Osa,Female,Single,"60,000 - 100,000","60,000 - 100,000","15,000 - 40,000",No,"15,000 - 40,000","15,000 - 40,000","0 - 5,000","15,000 - 40,000",No,,"15,000 - 40,000",
02/03/2022 07:45:33,MTN,20 - 25,Lagos Island,Female,Single,"20,000 - 50,000","20,000 - 50,000","0 - 5,000",No,"15,000 - 40,000","5,000 - 10,000","0 - 5,000","5,000 - 10,000",No,,"15,000 - 40,000","0 - 5,000"
02/03/2022 08:28:25,Airtel,31 - 35,Kosofe,Male,Single,"150,000 - 200,000","100,000 - 150,000","15,000 - 40,000",No,"15,000 - 40,000","15,000 - 40,000","5,000 - 10,000","0 - 5,000",No,,"5,000 - 10,000",
02/03/2022 08:30:47,MTN,31 - 35,Amuwo-Odofin,Male,Single,"60,000 - 100,000","150,000 - 200,000","15,000 - 40,000",No,"15,000 - 40,000","45,000 - 60,000","0 - 5,000","0 - 5,000",No,,"0 - 5,000","0 - 5,000"
02/03/2022 09:12:14,Airtel,20 - 25,Eti Osa,Female,Single,"60,000 - 100,000","100,000 - 150,000","95,000  above",No,"45,000 - 60,000","65,000 - 80,000","15,000 - 40,000","90,000 above",No,,100 above,"0 - 5,000"
02/03/2022 09:14:46,MTN,26 - 30,Ifako-Ijaiye,Male,Single,"60,000 - 100,000","60,000 - 100,000","95,000  above",No,"15,000 - 40,000","15,000 - 40,000","5,000 - 10,000","0 - 5,000",No,,"5,000 - 10,000","0 - 5,000"
02/03/2022 09:14:58,MTN,36 - 40,Ifako-Ijaiye,Female,Married,"150,000 - 200,000","150,000 - 200,000","15,000 - 40,000",Yes,"15,000 - 40,000","45,000 - 60,000","5,000 - 10,000","5,000 - 10,000",Yes,HBP,"0 - 5,000","15,000 - 40,000"
02/03/2022 09:16:40,MTN,31 - 35,Surulere,Male,Married,"150,000 - 200,000","100,000 - 150,000","45,000 - 60,000",Yes,"15,000 - 40,000","45,000 - 60,000","15,000 - 40,000","15,000 - 40,000",No,,"15,000 - 40,000","45,000 - 80,000"
02/03/2022 09:19:27,glo,20 - 25,Shomolu,Male,Single,"20,000 - 50,000","60,000 - 100,000","5,000 - 10,000",No,"15,000 - 40,000","15,000 - 40,000","0 - 5,000","0 - 5,000",No,,"5,000 - 10,000","0 - 5,000"
02/03/2022 09:49:15,MTN,31 - 35,Kosofe,Male,Married,"100,000 - 150,000","200,000 - 290,000","45,000 - 60,000",No,"15,000 - 40,000","65,000 - 80,000","15,000 - 40,000","0 - 5,000",No,,"15,000 - 40,000","15,000 - 40,000"
02/03/2022 10:43:22,MTN,31 - 35,Eti Osa,Male,Married,"200,000 - 290,000","300,000 - 500,000","15,000 - 40,000",No,"5,000 - 10,000","45,000 - 60,000","0 - 5,000","0 - 5,000",No,,"0 - 5,000","5,000 - 10,000"
02/03/2022 11:25:35,Airtel,51 - 55,Surulere,Male,Married,"150,000 - 200,000","200,000 - 290,000","45,000 - 60,000",Yes,"15,000 - 40,000","65,000 - 80,000","15,000 - 40,000","5,000 - 10,000",No,,"5,000 - 10,000","85,000 - 100,000"
02/03/2022 11:27:54,MTN,20 - 25,Lagos Island,Female,Single,"100,000 - 150,000","100,000 - 150,000","65,000 - 80,000",No,"5,000 - 10,000","15,000 - 40,000","45,000 - 60,000","15,000 - 40,000",No,,"45,000 - 65,000",
02/03/2022 12:01:28,Airtel,26 - 30,Lagos Island,Male,Married,"300,000 - 500,000","300,000 - 500,000","95,000  above",Yes,"15,000 - 40,000","85,000 - 100,000","5,000 - 10,000","5,000 - 10,000",No,,"5,000 - 10,000","0 - 5,000"
02/03/2022 12:12:41,MTN,20 - 25,Epe,Male,Single,"60,000 - 100,000","100,000 - 150,000","15,000 - 40,000",No,"15,000 - 40,000","15,000 - 40,000","0 - 5,000","0 - 5,000",No,,"0 - 5,000","0 - 5,000"
02/03/2022 12:28:49,Airtel,26 - 30,Ikorodu,Male,Single,"60,000 - 100,000","100,000 - 150,000","15,000 - 40,000",No,"15,000 - 40,000","15,000 - 40,000","0 - 5,000","0 - 5,000",No,,"5,000 - 10,000","0 - 5,000"
02/03/2022 13:11:07,MTN,26 - 30,Ikeja,Male,Single,"100,000 - 150,000","150,000 - 200,000","45,000 - 60,000",No,"15,000 - 40,000","15,000 - 40,000","5,000 - 10,000","5,000 - 10,000",No,,"15,000 - 40,000","0 - 5,000"
02/03/2022 13:36:02,MTN,20 - 25,Alimosho,Male,Single,"60,000 - 100,000","60,000 - 100,000","0 - 5,000",No,"15,000 - 40,000","15,000 - 40,000","5,000 - 10,000","5,000 - 10,000",No,,"5,000 - 10,000","0 - 5,000"
02/03/2022 14:12:17,MTN,26 - 30,Ikorodu,Female,Single,"60,000 - 100,000","60,000 - 100,000","95,000  above",No,"15,000 - 40,000","15,000 - 40,000","5,000 - 10,000","0 - 5,000",No,,"15,000 - 40,000","0 - 5,000"
02/03/2022 14:18:16,MTN,26 - 30,Eti Osa,Male,Married,"500,000 above","500,000 above","95,000  above",Yes,"15,000 - 40,000","85,000 - 100,000","15,000 - 40,000","45,000 - 65,000",No,,"45,000 - 65,000","0 - 5,000"
02/03/2022 14:24:35,Airtel,26 - 30,Surulere,Male,Single,"500,000 above","500,000 above","95,000  above",Yes,"65,000 above","100,000 above","65,000 - 80,000","15,000 - 40,000",No,,100 above,"15,000 - 40,000"
02/03/2022 14:32:30,MTN,26 - 30,Oshodi-Isolo,Male,Single,"150,000 - 200,000","150,000 - 200,000","95,000  above",No,"45,000 - 60,000","15,000 - 40,000","5,000 - 10,000","5,000 - 10,000",No,,"5,000 - 10,000",
02/03/2022 14:37:28,glo,26 - 30,Ikeja,Male,Single,"20,000 - 50,000","20,000 - 50,000","15,000 - 40,000",No,"5,000 - 10,000","15,000 - 40,000","5,000 - 10,000","5,000 - 10,000",No,,"15,000 - 40,000","5,000 - 10,000"
02/03/2022 14:45:00,MTN,31 - 35,Oshodi-Isolo,Female,Single,"60,000 - 100,000","60,000 - 100,000","15,000 - 40,000",No,"15,000 - 40,000","15,000 - 40,000","5,000 - 10,000","5,000 - 10,000",No,,"5,000 - 10,000","15,000 - 40,000"
02/03/2022 14:45:34,MTN,31 - 35,Ifako-Ijaiye,Female,Single,"20,000 - 50,000","20,000 - 50,000","15,000 - 40,000",No,"15,000 - 40,000","15,000 - 40,000","5,000 - 10,000","0 - 5,000",No,,"0 - 5,000","15,000 - 40,000"
02/03/2022 15:07:42,MTN,31 - 35,Eti Osa,Female,Married,"60,000 - 100,000","60,000 - 100,000","95,000  above",No,"15,000 - 40,000","45,000 - 60,000","85,000 - 100,000","15,000 - 40,000",Yes,High blood pressure ,"15,000 - 40,000","45,000 - 80,000"
02/03/2022 15:21:20,MTN,31 - 35,Ikeja,Male,Married,"150,000 - 200,000","100,000 - 150,000","45,000 - 60,000",No,"15,000 - 40,000","45,000 - 60,000","15,000 - 40,000","5,000 - 10,000",No,,"15,000 - 40,000","15,000 - 40,000"
02/03/2022 15:51:08,MTN,20 - 25,Lagos Island,Male,Single,"60,000 - 100,000","60,000 - 100,000","15,000 - 40,000",No,"5,000 - 10,000","15,000 - 40,000","0 - 5,000","0 - 5,000",No,,"5,000 - 10,000",
02/03/2022 16:27:44,MTN,56 - 60,Kosofe,Male,Married,"500,000 above","500,000 above","95,000  above",Yes,"65,000 above","100,000 above","100,000 above","90,000 above",No,,100 above,"100,000  above"
02/03/2022 17:39:43,Airtel,46 - 50,Eti Osa,Male,Married,"500,000 above","60,000 - 100,000","95,000  above",Yes,"15,000 - 40,000","100,000 above","15,000 - 40,000","15,000 - 40,000",No,,"5,000 - 10,000","0 - 5,000"
02/03/2022 17:58:42,MTN,26 - 30,Ikorodu,Female,Single,"20,000 - 50,000","20,000 - 50,000","65,000 - 80,000",No,"0 - 5,000","5,000 - 10,000","5,000 - 10,000","0 - 5,000",No,,"0 - 5,000",
02/03/2022 18:05:47,MTN,20 - 25,Lagos Mainland,Female,Married,"20,000 - 50,000","20,000 - 50,000","45,000 - 60,000",No,"5,000 - 10,000","15,000 - 40,000","5,000 - 10,000","5,000 - 10,000",No,,"0 - 5,000","15,000 - 40,000"
02/03/2022 18:42:29,9Mobile,41 - 45,Ikeja,Female,Married,"300,000 - 500,000","300,000 - 500,000","95,000  above",Yes,"45,000 - 60,000","100,000 above","45,000 - 60,000","70,000 - 85,000",No,,"15,000 - 40,000","45,000 - 80,000"
02/03/2022 18:54:22,glo,26 - 30,Agege,Female,Married,"20,000 - 50,000","20,000 - 50,000","95,000  above",No,"15,000 - 40,000","15,000 - 40,000","0 - 5,000","0 - 5,000",No,,"0 - 5,000","5,000 - 10,000"
02/03/2022 19:01:53,glo,31 - 35,Agege,Female,Married,"20,000 - 50,000","20,000 - 50,000","95,000  above",No,"5,000 - 10,000","15,000 - 40,000","0 - 5,000","0 - 5,000",No,,"5,000 - 10,000","15,000 - 40,000"
02/03/2022 20:44:33,glo,36 - 40,Eti Osa,Male,Married,"500,000 above","500,000 above","45,000 - 60,000",Yes,"45,000 - 60,000","100,000 above","15,000 - 40,000","0 - 5,000",No,,"0 - 5,000","0 - 5,000"
03/03/2022 00:53:13,Airtel,26 - 30,Lagos Mainland,Male,Single,"500,000 above","500,000 above","45,000 - 60,000",No,"65,000 above","100,000 above","15,000 - 40,000","15,000 - 40,000",No,,"45,000 - 65,000","15,000 - 40,000"
03/03/2022 04:18:56,MTN,31 - 35,Lagos Mainland,Female,Single,"200,000 - 290,000","200,000 - 290,000","15,000 - 40,000",No,"15,000 - 40,000","45,000 - 60,000","15,000 - 40,000","0 - 5,000",No,,"5,000 - 10,000","0 - 5,000"
03/03/2022 09:37:52,9Mobile,36 - 40,Lagos Mainland,Male,Single,"20,000 - 50,000","20,000 - 50,000","15,000 - 40,000",No,"5,000 - 10,000","15,000 - 40,000","15,000 - 40,000","5,000 - 10,000",No,,"15,000 - 40,000","15,000 - 40,000"
03/03/2022 09:39:48,9Mobile,36 - 40,Lagos Mainland,Male,Single,"20,000 - 50,000","20,000 - 50,000","15,000 - 40,000",No,"15,000 - 40,000","15,000 - 40,000","15,000 - 40,000","5,000 - 10,000",No,,"15,000 - 40,000","5,000 - 10,000"
03/03/2022 10:24:29,MTN,31 - 35,Amuwo-Odofin,Male,Single,"60,000 - 100,000","100,000 - 150,000","15,000 - 40,000",No,"15,000 - 40,000","45,000 - 60,000","0 - 5,000","15,000 - 40,000",No,,"15,000 - 40,000","0 - 5,000"
03/03/2022 14:07:02,,26 - 30,Eti Osa,Female,Single,"200,000 - 290,000","200,000 - 290,000","65,000 - 90,000",No,"5,000 - 10,000","15,000 - 40,000","5,000 - 10,000","0 - 5,000",No,,"15,000 - 40,000","15,000 - 40,000"
03/03/2022 14:09:12,,56 - 60,Shomolu,Female,Widowed,"20,000 - 50,000","20,000 - 50,000","15,000 - 40,000",No,"0 - 5,000","5,000 - 10,000","0 - 5,000","0 - 5,000",No,,"0 - 5,000","15,000 - 40,000"
03/03/2022 14:11:15,,36 - 40,Eti Osa,Male,Married,"500,000 above","500,000 above","95,000  above",Yes,"45,000 - 60,000","85,000 - 100,000","15,000 - 40,000","15,000 - 40,000",No,,"15,000 - 40,000","100,000  above"
03/03/2022 14:12:48,,61 above,Badagry,Male,Widowed,"100,000 - 150,000","100,000 - 150,000","15,000 - 40,000",No,"5,000 - 10,000","15,000 - 40,000","5,000 - 10,000","5,000 - 10,000",No,,"15,000 - 40,000","5,000 - 10,000"
03/03/2022 14:13:49,Airtel,20 - 25,Lagos Island,Female,Single,"20,000 - 50,000","20,000 - 50,000","45,000 - 60,000",No,"15,000 - 40,000","45,000 - 60,000","15,000 - 40,000","0 - 5,000",No,,"15,000 - 40,000","0 - 5,000"
03/03/2022 14:14:18,,56 - 60,Ojo,Male,Married,"150,000 - 200,000","150,000 - 200,000","15,000 - 40,000",No,"15,000 - 40,000","15,000 - 40,000","0 - 5,000","0 - 5,000",No,,"5,000 - 10,000","5,000 - 10,000"
03/03/2022 14:17:03,MTN,26 - 30,Lagos Mainland,Male,Married,"150,000 - 200,000","200,000 - 290,000","15,000 - 40,000",Yes,"5,000 - 10,000","15,000 - 40,000","0 - 5,000","5,000 - 10,000",No,,"15,000 - 40,000","15,000 - 40,000"
03/03/2022 14:17:03,,20 - 25,Mushin,Female,Single,"60,000 - 100,000","60,000 - 100,000","5,000 - 10,000",No,"5,000 - 10,000","15,000 - 40,000","0 - 5,000","0 - 5,000",No,,"15,000 - 40,000","0 - 5,000"
03/03/2022 14:19:08,,26 - 30,Eti Osa,Female,Single,"300,000 - 500,000","300,000 - 500,000","95,000  above",No,"15,000 - 40,000","45,000 - 60,000","5,000 - 10,000","5,000 - 10,000",No,,"45,000 - 65,000","0 - 5,000"
03/03/2022 14:21:04,,61 above,Oshodi-Isolo,Male,Married,"100,000 - 150,000","100,000 - 150,000","5,000 - 10,000",No,"5,000 - 10,000","15,000 - 40,000","0 - 5,000","5,000 - 10,000",Yes,Diabetic ,"15,000 - 40,000","15,000 - 40,000"
03/03/2022 14:21:50,glo,46 - 50,Agege,Female,Married,"60,000 - 100,000","60,000 - 100,000","5,000 - 10,000",No,"0 - 5,000","15,000 - 40,000","0 - 5,000","5,000 - 10,000",No,,"15,000 - 40,000","5,000 - 10,000"
03/03/2022 14:21:53,glo,31 - 35,Ikorodu,Male,Married,"500,000 above","500,000 above","0 - 5,000",Yes,"15,000 - 40,000","65,000 - 80,000","15,000 - 40,000","15,000 - 40,000",No,,"0 - 5,000","15,000 - 40,000"
03/03/2022 14:22:41,,31 - 35,Eti Osa,Female,Married,"150,000 - 200,000","150,000 - 200,000","65,000 - 90,000",No,"5,000 - 10,000","15,000 - 40,000","5,000 - 10,000","5,000 - 10,000",No,,"15,000 - 40,000","5,000 - 10,000"
03/03/2022 14:27:15,,20 - 25,Ikorodu,Male,Single,"20,000 - 50,000","20,000 - 50,000","0 - 5,000",No,"0 - 5,000","5,000 - 10,000","0 - 5,000","0 - 5,000",No,,"0 - 5,000","0 - 5,000"
03/03/2022 14:28:31,,31 - 35,Amuwo-Odofin,Male,Married,"20,000 - 50,000","20,000 - 50,000","0 - 5,000",No,"0 - 5,000","15,000 - 40,000","0 - 5,000","0 - 5,000",No,,"0 - 5,000","5,000 - 10,000"
03/03/2022 14:30:40,,36 - 40,Badagry,Male,Married,"20,000 - 50,000","20,000 - 50,000","0 - 5,000",No,"5,000 - 10,000","15,000 - 40,000","0 - 5,000","5,000 - 10,000",No,,"5,000 - 10,000","15,000 - 40,000"
03/03/2022 14:32:13,,46 - 50,Ajeromi-Ifelodun,Male,Married,"20,000 - 50,000","20,000 - 50,000","0 - 5,000",Yes,"0 - 5,000","15,000 - 40,000","0 - 5,000","5,000 - 10,000",,,"5,000 - 10,000","15,000 - 40,000"
03/03/2022 14:32:44,glo,20 - 25,Kosofe,Male,Single,"20,000 - 50,000","20,000 - 50,000","5,000 - 10,000",No,"5,000 - 10,000","15,000 - 40,000","5,000 - 10,000","0 - 5,000",No,,"5,000 - 10,000","0 - 5,000"
03/03/2022 14:34:45,MTN,41 - 45,Ikeja,Female,Married,"200,000 - 290,000","300,000 - 500,000","15,000 - 40,000",Yes,"15,000 - 40,000","15,000 - 40,000","5,000 - 10,000","0 - 5,000",No,,"5,000 - 10,000","5,000 - 10,000"
03/03/2022 14:35:40,,36 - 40,Oshodi-Isolo,Female,Divorced,"300,000 - 500,000","300,000 - 500,000","65,000 - 90,000",Yes,"45,000 - 60,000","65,000 - 80,000","5,000 - 10,000","15,000 - 40,000",No,,"15,000 - 40,000","15,000 - 40,000"
03/03/2022 14:36:56,,56 - 60,Ikorodu,Female,Widowed,"20,000 - 50,000","20,000 - 50,000","0 - 5,000",No,"0 - 5,000","15,000 - 40,000","0 - 5,000","5,000 - 10,000",No,,"5,000 - 10,000","0 - 5,000"
03/03/2022 14:38:06,,36 - 40,Ikorodu,Male,Married,"60,000 - 100,000","60,000 - 100,000","5,000 - 10,000",No,"15,000 - 40,000","15,000 - 40,000","0 - 5,000","5,000 - 10,000",,,"15,000 - 40,000","15,000 - 40,000"
03/03/2022 14:39:07,,41 - 45,Amuwo-Odofin,Male,Married,"20,000 - 50,000","20,000 - 50,000","0 - 5,000",No,"5,000 - 10,000","15,000 - 40,000","0 - 5,000","5,000 - 10,000",,,"5,000 - 10,000","15,000 - 40,000"
03/03/2022 14:40:47,,36 - 40,Shomolu,Male,Married,"60,000 - 100,000","60,000 - 100,000","15,000 - 40,000",No,"5,000 - 10,000","45,000 - 60,000","5,000 - 10,000","5,000 - 10,000",No,,"15,000 - 40,000","15,000 - 40,000"
03/03/2022 14:51:41,,36 - 40,Surulere,Male,Single,"200,000 - 290,000","200,000 - 290,000","45,000 - 60,000",No,"15,000 - 40,000","45,000 - 60,000","0 - 5,000","0 - 5,000",No,,"15,000 - 40,000","0 - 5,000"
03/03/2022 15:14:02,Airtel,46 - 50,Surulere,Female,Married,"100,000 - 150,000","150,000 - 200,000","95,000  above",Yes,"15,000 - 40,000","100,000 above","15,000 - 40,000","45,000 - 65,000",No,,100 above,"100,000  above"
03/03/2022 15:16:16,Airtel,46 - 50,Surulere,Female,Married,"150,000 - 200,000","200,000 - 290,000","95,000  above",Yes,"15,000 - 40,000","100,000 above","15,000 - 40,000","15,000 - 40,000",No,,100 above,"100,000  above"
03/03/2022 15:20:06,MTN,31 - 35,Ifako-Ijaiye,Female,Married,"20,000 - 50,000","20,000 - 50,000","15,000 - 40,000",No,"15,000 - 40,000","15,000 - 40,000","0 - 5,000","0 - 5,000",Yes,Bells palsy ,"0 - 5,000","15,000 - 40,000"
03/03/2022 15:45:36,MTN,26 - 30,Surulere,Female,Single,"150,000 - 200,000","200,000 - 290,000","95,000  above",No,"15,000 - 40,000","65,000 - 80,000","45,000 - 60,000","45,000 - 65,000",Yes,Endometriosis ,"45,000 - 65,000","0 - 5,000"
03/03/2022 15:51:11,MTN,26 - 30,Ikeja,Female,Single,"100,000 - 150,000","100,000 - 150,000","15,000 - 40,000",No,"15,000 - 40,000","15,000 - 40,000","15,000 - 40,000","0 - 5,000",Yes,Stomach Ulcer,"0 - 5,000","0 - 5,000"
03/03/2022 15:52:35,MTN,36 - 40,Ikeja,Male,Married,"300,000 - 500,000","150,000 - 200,000","95,000  above",Yes,"45,000 - 60,000","85,000 - 100,000","15,000 - 40,000","5,000 - 10,000",No,,"45,000 - 65,000","5,000 - 10,000"
03/03/2022 15:53:36,glo,20 - 25,Ikorodu,Male,Single,"20,000 - 50,000","20,000 - 50,000","15,000 - 40,000",No,"0 - 5,000","5,000 - 10,000","0 - 5,000","0 - 5,000",No,,"15,000 - 40,000","0 - 5,000"
03/03/2022 15:54:40,Airtel,26 - 30,Lagos Island,Female,Single,"150,000 - 200,000","100,000 - 150,000","95,000  above",No,"45,000 - 60,000","85,000 - 100,000","15,000 - 40,000","0 - 5,000",No,,"45,000 - 65,000","5,000 - 10,000"
03/03/2022 15:57:08,Airtel,31 - 35,Surulere,Female,Single,"150,000 - 200,000","300,000 - 500,000","95,000  above",No,"45,000 - 60,000","85,000 - 100,000","15,000 - 40,000","5,000 - 10,000",No,,"45,000 - 65,000","0 - 5,000"
03/03/2022 15:57:20,,61 above,Ikeja,Male,Married,"500,000 above","500,000 above","95,000  above",Yes,"45,000 - 60,000","100,000 above","45,000 - 60,000","0 - 5,000",No,,"0 - 5,000","100,000  above"
03/03/2022 15:59:15,glo,51 - 55,Eti Osa,Male,Widowed,"200,000 - 290,000","200,000 - 290,000","95,000  above",Yes,"45,000 - 60,000","100,000 above","65,000 - 80,000","45,000 - 65,000",No,,"70,000 - 95,000","45,000 - 80,000"
03/03/2022 16:34:47,glo,41 - 45,Ibeju-Lekki,Female,Married,"150,000 - 200,000","150,000 - 200,000","95,000  above",Yes,"5,000 - 10,000","45,000 - 60,000","45,000 - 60,000","5,000 - 10,000",No,,"70,000 - 95,000","0 - 5,000"
03/03/2022 17:01:50,MTN,20 - 25,Shomolu,Male,Single,"20,000 - 50,000","20,000 - 50,000","95,000  above",No,"5,000 - 10,000","15,000 - 40,000","5,000 - 10,000","0 - 5,000",No,,"5,000 - 10,000","0 - 5,000"
03/03/2022 17:05:58,,36 - 40,Agege,Male,Married,"20,000 - 50,000","20,000 - 50,000","5,000 - 10,000",No,"5,000 - 10,000","15,000 - 40,000","0 - 5,000","5,000 - 10,000",,,"5,000 - 10,000","15,000 - 40,000"
03/03/2022 17:09:25,MTN,20 - 25,Ikeja,Female,Single,"100,000 - 150,000","100,000 - 150,000","45,000 - 60,000",No,"15,000 - 40,000","15,000 - 40,000","5,000 - 10,000","0 - 5,000",No,,"0 - 5,000",
03/03/2022 17:17:52,,41 - 45,Ikorodu,Female,Married,"20,000 - 50,000","20,000 - 50,000","5,000 - 10,000",No,"5,000 - 10,000","15,000 - 40,000","0 - 5,000","5,000 - 10,000",,,"15,000 - 40,000","5,000 - 10,000"
03/03/2022 17:50:58,MTN,31 - 35,Amuwo-Odofin,Female,Single,"200,000 - 290,000","200,000 - 290,000","95,000  above",No,"15,000 - 40,000","15,000 - 40,000","5,000 - 10,000","5,000 - 10,000",No,,"5,000 - 10,000","0 - 5,000"
03/03/2022 18:19:19,,36 - 40,Epe,Female,Married,"20,000 - 50,000","20,000 - 50,000","0 - 5,000",No,"5,000 - 10,000","5,000 - 10,000","5,000 - 10,000","5,000 - 10,000",,,"5,000 - 10,000","5,000 - 10,000"
03/03/2022 18:21:38,,36 - 40,Amuwo-Odofin,Male,Single,"20,000 - 50,000","20,000 - 50,000","5,000 - 10,000",No,"5,000 - 10,000","15,000 - 40,000","0 - 5,000","5,000 - 10,000",,,"5,000 - 10,000","15,000 - 40,000"
03/03/2022 18:21:40,9Mobile,31 - 35,Eti Osa,Male,Married,"60,000 - 100,000","60,000 - 100,000","5,000 - 10,000",No,"15,000 - 40,000","15,000 - 40,000","5,000 - 10,000","5,000 - 10,000",No,,"15,000 - 40,000","15,000 - 40,000"
03/03/2022 18:23:38,Airtel,36 - 40,Ikeja,Male,Single,"100,000 - 150,000","60,000 - 100,000","65,000 - 90,000",No,"65,000 above","85,000 - 100,000","15,000 - 40,000","5,000 - 10,000",No,,"70,000 - 95,000","45,000 - 80,000"
03/03/2022 18:24:39,,41 - 45,Surulere,Male,Single,"200,000 - 290,000","200,000 - 290,000","95,000  above",No,"15,000 - 40,000","45,000 - 60,000","5,000 - 10,000","5,000 - 10,000",No,,"15,000 - 40,000","0 - 5,000"
03/03/2022 18:32:18,,56 - 60,Lagos Mainland,Male,Widowed,"100,000 - 150,000","100,000 - 150,000","5,000 - 10,000",No,"0 - 5,000","15,000 - 40,000","0 - 5,000","15,000 - 40,000",No,,"5,000 - 10,000","0 - 5,000"
03/03/2022 18:32:35,MTN,26 - 30,Epe,Female,Single,"20,000 - 50,000","20,000 - 50,000","0 - 5,000",No,"5,000 - 10,000","15,000 - 40,000","0 - 5,000","0 - 5,000",No,,"5,000 - 10,000","0 - 5,000"
03/03/2022 18:32:36,glo,41 - 45,Ibeju-Lekki,Male,Single,"150,000 - 200,000","200,000 - 290,000","15,000 - 40,000",No,"15,000 - 40,000","15,000 - 40,000","5,000 - 10,000","0 - 5,000",No,,"0 - 5,000","0 - 5,000"
03/03/2022 18:34:18,9Mobile,20 - 25,Apapa,Male,Single,"60,000 - 100,000","60,000 - 100,000","0 - 5,000",No,"0 - 5,000","15,000 - 40,000","0 - 5,000","0 - 5,000",No,,"0 - 5,000","0 - 5,000"
03/03/2022 18:34:43,Airtel,31 - 35,Badagry,Female,Single,"150,000 - 200,000","150,000 - 200,000","5,000 - 10,000",No,"15,000 - 40,000","15,000 - 40,000","5,000 - 10,000","0 - 5,000",No,,"5,000 - 10,000","0 - 5,000"
03/03/2022 18:41:21,Airtel,31 - 35,Ikeja,Male,Married,"100,000 - 150,000","100,000 - 150,000","5,000 - 10,000",Yes,"0 - 5,000","15,000 - 40,000","5,000 - 10,000","5,000 - 10,000",No,,"15,000 - 40,000","5,000 - 10,000"
03/03/2022 19:48:48,Airtel,20 - 25,Agege,Female,Single,"20,000 - 50,000","20,000 - 50,000","45,000 - 60,000",No,"15,000 - 40,000","45,000 - 60,000","15,000 - 40,000","15,000 - 40,000",No,,"0 - 5,000","15,000 - 40,000"
03/03/2022 21:27:41,MTN,20 - 25,Ifako-Ijaiye,Female,Single,"20,000 - 50,000","60,000 - 100,000","15,000 - 40,000",No,"5,000 - 10,000","0 - 5,000","0 - 5,000","0 - 5,000",No,,"0 - 5,000","0 - 5,000"
04/03/2022 07:58:45,Airtel,36 - 40,Ifako-Ijaiye,Male,Single,"200,000 - 290,000","200,000 - 290,000","65,000 - 90,000",Yes,"45,000 - 60,000","45,000 - 60,000","15,000 - 40,000","0 - 5,000",No,,"70,000 - 95,000","45,000 - 80,000"
04/03/2022 08:19:14,9Mobile,36 - 40,Eti Osa,Male,Married,"100,000 - 150,000","100,000 - 150,000","95,000  above",Yes,"15,000 - 40,000","45,000 - 60,000","15,000 - 40,000","5,000 - 10,000",No,,"15,000 - 40,000","0 - 5,000"
04/03/2022 08:25:10,9Mobile,41 - 45,Lagos Island,Female,Married,"20,000 - 50,000","20,000 - 50,000","95,000  above",No,"0 - 5,000","65,000 - 80,000","15,000 - 40,000","5,000 - 10,000",No,,"15,000 - 40,000","5,000 - 10,000"
04/03/2022 08:28:19,glo,26 - 30,Lagos Island,Female,Single,"60,000 - 100,000","60,000 - 100,000","95,000  above",Yes,"45,000 - 60,000","85,000 - 100,000","45,000 - 60,000","15,000 - 40,000",No,,"70,000 - 95,000","0 - 5,000"
04/03/2022 08:31:29,Airtel,36 - 40,Lagos Island,Female,Single,"100,000 - 150,000","100,000 - 150,000","45,000 - 60,000",Yes,"15,000 - 40,000","85,000 - 100,000","15,000 - 40,000","5,000 - 10,000",No,,"15,000 - 40,000","0 - 5,000"
04/03/2022 08:33:39,MTN,36 - 40,Eti Osa,Male,Single,"150,000 - 200,000","150,000 - 200,000","45,000 - 60,000",Yes,"15,000 - 40,000","45,000 - 60,000","5,000 - 10,000","5,000 - 10,000",No,,"0 - 5,000","0 - 5,000"
04/03/2022 08:36:06,MTN,31 - 35,Ibeju-Lekki,Female,Single,"60,000 - 100,000","60,000 - 100,000","15,000 - 40,000",No,"5,000 - 10,000","15,000 - 40,000","5,000 - 10,000","0 - 5,000",No,,"15,000 - 40,000","0 - 5,000"
04/03/2022 08:38:14,glo,46 - 50,Ikeja,Male,Married,"200,000 - 290,000","200,000 - 290,000","65,000 - 90,000",Yes,"45,000 - 60,000","85,000 - 100,000","15,000 - 40,000","15,000 - 40,000",No,,"45,000 - 65,000","45,000 - 80,000"
04/03/2022 08:42:48,9Mobile,36 - 40,Alimosho,Male,Married,"100,000 - 150,000","100,000 - 150,000","15,000 - 40,000",No,"15,000 - 40,000","45,000 - 60,000","15,000 - 40,000","5,000 - 10,000",No,,"5,000 - 10,000","5,000 - 10,000"
04/03/2022 08:43:20,Airtel,31 - 35,Shomolu,Male,Married,"500,000 above","500,000 above","95,000  above",Yes,"65,000 above","100,000 above","100,000 above","90,000 above",No,,100 above,"100,000  above"
04/03/2022 08:47:15,Airtel,41 - 45,Apapa,Male,Married,"60,000 - 100,000","60,000 - 100,000","15,000 - 40,000",No,"5,000 - 10,000","15,000 - 40,000","15,000 - 40,000","5,000 - 10,000",No,,"0 - 5,000","5,000 - 10,000"
04/03/2022 08:48:35,,26 - 30,Kosofe,Female,Single,"60,000 - 100,000","60,000 - 100,000","15,000 - 40,000",No,"15,000 - 40,000","15,000 - 40,000","5,000 - 10,000","5,000 - 10,000",No,,"15,000 - 40,000","0 - 5,000"
04/03/2022 08:50:09,glo,26 - 30,Epe,Female,Single,"60,000 - 100,000","60,000 - 100,000","15,000 - 40,000",No,"5,000 - 10,000","15,000 - 40,000","5,000 - 10,000","0 - 5,000",No,,"5,000 - 10,000","0 - 5,000"
04/03/2022 08:54:31,glo,51 - 55,Ikeja,Male,Married,"200,000 - 290,000","200,000 - 290,000","95,000  above",Yes,"45,000 - 60,000","85,000 - 100,000","45,000 - 60,000","45,000 - 65,000",No,,"70,000 - 95,000","45,000 - 80,000"
04/03/2022 08:56:57,Airtel,26 - 30,Surulere,Female,Divorced,"150,000 - 200,000","150,000 - 200,000","15,000 - 40,000",Yes,"15,000 - 40,000","45,000 - 60,000","15,000 - 40,000","5,000 - 10,000",No,,"15,000 - 40,000","5,000 - 10,000"
04/03/2022 08:58:44,,31 - 35,Surulere,Female,Married,"20,000 - 50,000","20,000 - 50,000","15,000 - 40,000",No,"15,000 - 40,000","5,000 - 10,000","0 - 5,000","0 - 5,000",No,,"0 - 5,000","15,000 - 40,000"
04/03/2022 08:59:31,9Mobile,56 - 60,Ikeja,Male,Married,"300,000 - 500,000","300,000 - 500,000","65,000 - 90,000",Yes,"15,000 - 40,000","85,000 - 100,000","45,000 - 60,000","5,000 - 10,000",No,,"45,000 - 65,000","45,000 - 80,000"
04/03/2022 09:28:35,glo,41 - 45,Badagry,Female,Single,"60,000 - 100,000","60,000 - 100,000","15,000 - 40,000",No,"15,000 - 40,000","45,000 - 60,000","5,000 - 10,000","5,000 - 10,000",No,,"15,000 - 40,000","0 - 5,000"
04/03/2022 09:36:24,MTN,20 - 25,Shomolu,Female,Single,"20,000 - 50,000","20,000 - 50,000","5,000 - 10,000",No,"5,000 - 10,000","15,000 - 40,000","5,000 - 10,000","0 - 5,000",No,,"5,000 - 10,000","0 - 5,000"
04/03/2022 09:44:59,glo,26 - 30,Surulere,Female,Single,"60,000 - 100,000","60,000 - 100,000","15,000 - 40,000",Yes,"15,000 - 40,000","15,000 - 40,000","5,000 - 10,000","0 - 5,000",No,,"15,000 - 40,000","0 - 5,000"
04/03/2022 09:45:12,,31 - 35,Ifako-Ijaiye,Male,Married,"60,000 - 100,000","60,000 - 100,000","15,000 - 40,000",Yes,"15,000 - 40,000","45,000 - 60,000","5,000 - 10,000","5,000 - 10,000",No,,"0 - 5,000","5,000 - 10,000"
04/03/2022 09:48:53,glo,56 - 60,Lagos Island,Male,Widowed,"500,000 above","500,000 above","95,000  above",Yes,"65,000 above","100,000 above","45,000 - 60,000","15,000 - 40,000",No,,100 above,"100,000  above"
04/03/2022 09:51:05,MTN,31 - 35,Ibeju-Lekki,Male,Married,"150,000 - 200,000","150,000 - 200,000","5,000 - 10,000",Yes,"15,000 - 40,000","15,000 - 40,000","0 - 5,000","5,000 - 10,000",No,,"5,000 - 10,000","15,000 - 40,000"
04/03/2022 09:53:20,9Mobile,46 - 50,Ikorodu,Male,Widowed,"200,000 - 290,000","200,000 - 290,000","45,000 - 60,000",Yes,"45,000 - 60,000","65,000 - 80,000","15,000 - 40,000","45,000 - 65,000",Yes,Diabetics ,"15,000 - 40,000","0 - 5,000"
04/03/2022 10:00:17,Airtel,31 - 35,Ikeja,Male,Single,"100,000 - 150,000","100,000 - 150,000","15,000 - 40,000",Yes,"15,000 - 40,000","45,000 - 60,000","5,000 - 10,000","5,000 - 10,000",No,,"15,000 - 40,000","0 - 5,000"
04/03/2022 10:07:47,Airtel,36 - 40,Surulere,Female,Married,"150,000 - 200,000","150,000 - 200,000","15,000 - 40,000",Yes,"45,000 - 60,000","85,000 - 100,000","15,000 - 40,000","70,000 - 85,000",Yes,Cancer,"15,000 - 40,000","5,000 - 10,000"
04/03/2022 10:11:19,9Mobile,31 - 35,Eti Osa,Male,Single,"100,000 - 150,000","100,000 - 150,000","15,000 - 40,000",Yes,"15,000 - 40,000","45,000 - 60,000","15,000 - 40,000","5,000 - 10,000",No,,"15,000 - 40,000","0 - 5,000"
04/03/2022 13:04:25,MTN,20 - 25,Kosofe,Female,Single,"20,000 - 50,000","20,000 - 50,000","5,000 - 10,000",No,"5,000 - 10,000","5,000 - 10,000","0 - 5,000","0 - 5,000",No,,"0 - 5,000","0 - 5,000"
04/03/2022 15:41:30,Airtel,31 - 35,Eti Osa,Female,Single,"60,000 - 100,000","60,000 - 100,000","95,000  above",No,"65,000 above","100,000 above","15,000 - 40,000","15,000 - 40,000",No,,"15,000 - 40,000",
04/03/2022 17:56:51,MTN,20 - 25,Agege,Male,Single,"20,000 - 50,000","20,000 - 50,000","0 - 5,000",No,"0 - 5,000","15,000 - 40,000","0 - 5,000","0 - 5,000",No,No,"45,000 - 65,000","0 - 5,000"
04/03/2022 19:32:19,MTN,26 - 30,Eti Osa,Female,Single,"200,000 - 290,000","100,000 - 150,000","15,000 - 40,000",Yes,"15,000 - 40,000","15,000 - 40,000","5,000 - 10,000","0 - 5,000",No,,"0 - 5,000","0 - 5,000"
04/03/2022 23:56:52,MTN,20 - 25,Mushin,Female,Single,"20,000 - 50,000","20,000 - 50,000","0 - 5,000",No,"5,000 - 10,000","15,000 - 40,000","0 - 5,000","0 - 5,000",No,,"0 - 5,000","0 - 5,000"
05/03/2022 08:32:42,Airtel,20 - 25,Alimosho,Female,Single,"20,000 - 50,000","20,000 - 50,000","0 - 5,000",No,"5,000 - 10,000","15,000 - 40,000","0 - 5,000","0 - 5,000",No,,"0 - 5,000","0 - 5,000"
05/03/2022 10:20:23,Airtel,31 - 35,Shomolu,Male,Widowed,"200,000 - 290,000","300,000 - 500,000","95,000  above",Yes,"15,000 - 40,000","65,000 - 80,000","15,000 - 40,000","0 - 5,000",No,,"15,000 - 40,000","0 - 5,000"
05/03/2022 18:21:30,9Mobile,20 - 25,Ikeja,Male,Single,"20,000 - 50,000","20,000 - 50,000","0 - 5,000",No,"0 - 5,000","5,000 - 10,000","0 - 5,000","0 - 5,000",No,,"5,000 - 10,000","0 - 5,000"